Model,Chain,Residue Index,Sequence,Binding site probability
0,A,1,M,0.049
0,A,2,F,0.036
0,A,3,V,0.047
0,A,4,F,0.042
0,A,5,L,0.046
0,A,6,V,0.064
0,A,7,L,0.043
0,A,8,L,0.085
0,A,9,P,0.077
0,A,10,L,0.021
0,A,11,V,0.073
0,A,12,S,0.047
0,A,13,S,0.019
0,A,14,Q,0.063
0,A,15,C,0.030
0,A,16,V,0.094
0,A,17,N,0.069
0,A,18,L,0.049
0,A,19,T,0.111
0,A,20,T,0.082
0,A,21,R,0.085
0,A,22,T,0.190
0,A,23,Q,0.280
0,A,24,L,0.329
0,A,25,P,0.425
0,A,26,P,0.398
0,A,27,A,0.306
0,A,28,Y,0.477
0,A,29,T,0.249
0,A,30,N,0.265
0,A,31,S,0.026
0,A,32,S,0.074
0,A,33,T,0.085
0,A,34,R,0.072
0,A,35,G,0.002
0,A,36,V,0.002
0,A,37,Y,0.008
0,A,38,Y,0.069
0,A,39,P,0.058
0,A,40,D,0.092
0,A,41,K,0.151
0,A,42,V,0.166
0,A,43,F,0.224
0,A,44,R,0.152
0,A,45,S,0.197
0,A,46,S,0.178
0,A,47,V,0.186
0,A,48,L,0.143
0,A,49,H,0.106
0,A,50,L,0.078
0,A,51,T,0.054
0,A,52,Q,0.123
0,A,53,D,0.026
0,A,54,L,0.021
0,A,55,F,0.005
0,A,56,L,0.004
0,A,57,P,0.068
0,A,58,F,0.087
0,A,59,F,0.173
0,A,60,S,0.087
0,A,61,N,0.299
0,A,62,V,0.027
0,A,63,T,0.090
0,A,64,W,0.296
0,A,65,F,0.053
0,A,66,H,0.273
0,A,67,A,0.004
0,A,68,I,0.065
0,A,69,H,0.048
0,A,70,V,0.090
0,A,71,S,0.082
0,A,72,G,0.082
0,A,73,T,0.089
0,A,74,N,0.107
0,A,75,G,0.068
0,A,76,I,0.114
0,A,77,K,0.093
0,A,78,R,0.166
0,A,79,F,0.027
0,A,80,D,0.091
0,A,81,N,0.014
0,A,82,P,0.086
0,A,83,V,0.081
0,A,84,L,0.046
0,A,85,P,0.126
0,A,86,F,0.008
0,A,87,N,0.075
0,A,88,D,0.075
0,A,89,G,0.002
0,A,90,V,0.005
0,A,91,Y,0.001
0,A,92,F,0.004
0,A,93,A,0.002
0,A,94,S,0.022
0,A,95,T,0.020
0,A,96,E,0.056
0,A,97,K,0.180
0,A,98,S,0.093
0,A,99,N,0.185
0,A,100,I,0.009
0,A,101,I,0.018
0,A,102,R,0.022
0,A,103,G,0.006
0,A,104,W,0.009
0,A,105,I,0.001
0,A,106,F,0.001
0,A,107,G,0.003
0,A,108,T,0.138
0,A,109,T,0.185
0,A,110,L,0.072
0,A,111,D,0.106
0,A,112,S,0.131
0,A,113,K,0.212
0,A,114,T,0.150
0,A,115,Q,0.105
0,A,116,S,0.011
0,A,117,L,0.010
0,A,118,L,0.005
0,A,119,I,0.027
0,A,120,V,0.014
0,A,121,N,0.057
0,A,122,N,0.079
0,A,123,A,0.059
0,A,124,T,0.121
0,A,125,N,0.084
0,A,126,V,0.080
0,A,127,V,0.038
0,A,128,I,0.050
0,A,129,K,0.039
0,A,130,V,0.015
0,A,131,C,0.020
0,A,132,E,0.105
0,A,133,F,0.007
0,A,134,Q,0.093
0,A,135,F,0.021
0,A,136,C,0.017
0,A,137,N,0.090
0,A,138,D,0.026
0,A,139,P,0.005
0,A,140,F,0.013
0,A,141,L,0.012
0,A,142,G,0.022
0,A,143,V,0.002
0,A,144,Y,0.188
0,A,145,Y,0.192
0,A,146,H,0.330
0,A,147,R,0.362
0,A,148,N,0.335
0,A,149,N,0.385
0,A,150,K,0.330
0,A,151,S,0.237
0,A,152,W,0.187
0,A,153,M,0.312
0,A,154,E,0.134
0,A,155,S,0.137
0,A,156,E,0.090
0,A,157,F,0.037
0,A,158,R,0.048
0,A,159,V,0.006
0,A,160,Y,0.037
0,A,161,S,0.064
0,A,162,S,0.088
0,A,163,A,0.037
0,A,164,N,0.106
0,A,165,N,0.124
0,A,166,C,0.062
0,A,167,T,0.165
0,A,168,F,0.122
0,A,169,E,0.089
0,A,170,Y,0.127
0,A,171,V,0.081
0,A,172,S,0.098
0,A,173,Q,0.139
0,A,174,P,0.107
0,A,175,F,0.150
0,A,176,L,0.234
0,A,177,M,0.141
0,A,178,D,0.284
0,A,179,L,0.123
0,A,180,E,0.291
0,A,181,G,0.060
0,A,182,K,0.320
0,A,183,Q,0.176
0,A,184,G,0.116
0,A,185,N,0.111
0,A,186,F,0.100
0,A,187,K,0.121
0,A,188,N,0.126
0,A,189,L,0.025
0,A,190,R,0.083
0,A,191,E,0.013
0,A,192,F,0.011
0,A,193,V,0.001
0,A,194,F,0.003
0,A,195,K,0.019
0,A,196,N,0.057
0,A,197,I,0.071
0,A,198,D,0.134
0,A,199,G,0.100
0,A,200,Y,0.154
0,A,201,F,0.017
0,A,202,K,0.034
0,A,203,I,0.013
0,A,204,Y,0.005
0,A,205,S,0.033
0,A,206,K,0.035
0,A,207,H,0.114
0,A,208,T,0.056
0,A,209,P,0.117
0,A,210,I,0.072
0,A,211,N,0.109
0,A,212,L,0.070
0,A,213,V,0.120
0,A,214,R,0.637
0,A,215,D,0.218
0,A,216,L,0.034
0,A,217,P,0.061
0,A,218,P,0.151
0,A,219,G,0.091
0,A,220,F,0.117
0,A,221,S,0.052
0,A,222,A,0.008
0,A,223,L,0.008
0,A,224,E,0.159
0,A,225,P,0.065
0,A,226,L,0.111
0,A,227,V,0.168
0,A,228,D,0.115
0,A,229,L,0.083
0,A,230,P,0.241
0,A,231,I,0.142
0,A,232,G,0.157
0,A,233,I,0.091
0,A,234,N,0.157
0,A,235,I,0.028
0,A,236,T,0.135
0,A,237,R,0.202
0,A,238,F,0.022
0,A,239,Q,0.009
0,A,240,T,0.010
0,A,241,L,0.001
0,A,242,L,0.001
0,A,243,A,0.002
0,A,244,L,0.018
0,A,245,H,0.007
0,A,246,R,0.288
0,A,247,S,0.025
0,A,248,Y,0.042
0,A,249,L,0.093
0,A,250,T,0.095
0,A,251,P,0.168
0,A,252,G,0.152
0,A,253,D,0.156
0,A,254,S,0.272
0,A,255,S,0.124
0,A,256,S,0.071
0,A,257,G,0.107
0,A,258,W,0.166
0,A,259,T,0.018
0,A,260,A,0.009
0,A,261,G,0.013
0,A,262,A,0.071
0,A,263,A,0.013
0,A,264,A,0.022
0,A,265,Y,0.011
0,A,266,Y,0.018
0,A,267,V,0.009
0,A,268,G,0.006
0,A,269,Y,0.024
0,A,270,L,0.007
0,A,271,Q,0.101
0,A,272,P,0.076
0,A,273,R,0.084
0,A,274,T,0.085
0,A,275,F,0.006
0,A,276,L,0.038
0,A,277,L,0.008
0,A,278,K,0.095
0,A,279,Y,0.045
0,A,280,N,0.177
0,A,281,E,0.155
0,A,282,N,0.269
0,A,283,G,0.082
0,A,284,T,0.151
0,A,285,I,0.020
0,A,286,T,0.163
0,A,287,D,0.112
0,A,288,A,0.018
0,A,289,V,0.067
0,A,290,D,0.055
0,A,291,C,0.066
0,A,292,S,0.079
0,A,293,L,0.099
0,A,294,D,0.102
0,A,295,P,0.046
0,A,296,L,0.062
0,A,297,S,0.039
0,A,298,E,0.072
0,A,299,T,0.056
0,A,300,K,0.098
0,A,301,C,0.059
0,A,302,T,0.112
0,A,303,L,0.097
0,A,304,K,0.104
0,A,305,S,0.075
0,A,306,F,0.095
0,A,307,T,0.202
0,A,308,V,0.125
0,A,309,E,0.254
0,A,310,K,0.119
0,A,311,G,0.026
0,A,312,I,0.043
0,A,313,Y,0.158
0,A,314,Q,0.494
0,A,315,T,0.186
0,A,316,S,0.205
0,A,317,N,0.399
0,A,318,F,0.073
0,A,319,R,0.171
0,A,320,V,0.042
0,A,321,Q,0.086
0,A,322,P,0.038
0,A,323,T,0.036
0,A,324,E,0.031
0,A,325,S,0.025
0,A,326,I,0.009
0,A,327,V,0.041
0,A,328,R,0.009
0,A,329,F,0.036
0,A,330,P,0.043
0,A,331,N,0.065
0,A,332,I,0.073
0,A,333,T,0.102
0,A,334,N,0.114
0,A,335,L,0.063
0,A,336,C,0.034
0,A,337,P,0.043
0,A,338,F,0.007
0,A,339,G,0.038
0,A,340,E,0.051
0,A,341,V,0.010
0,A,342,F,0.043
0,A,343,N,0.079
0,A,344,A,0.063
0,A,345,T,0.096
0,A,346,T,0.118
0,A,347,F,0.069
0,A,348,A,0.021
0,A,349,S,0.054
0,A,350,V,0.004
0,A,351,Y,0.084
0,A,352,A,0.044
0,A,353,W,0.031
0,A,354,N,0.040
0,A,355,R,0.052
0,A,356,K,0.038
0,A,357,R,0.061
0,A,358,I,0.012
0,A,359,S,0.080
0,A,360,N,0.106
0,A,361,C,0.019
0,A,362,V,0.017
0,A,363,A,0.003
0,A,364,D,0.076
0,A,365,Y,0.024
0,A,366,S,0.107
0,A,367,V,0.103
0,A,368,L,0.079
0,A,369,Y,0.266
0,A,370,N,0.185
0,A,371,S,0.130
0,A,372,T,0.231
0,A,373,S,0.177
0,A,374,F,0.216
0,A,375,S,0.209
0,A,376,T,0.243
0,A,377,F,0.233
0,A,378,K,0.323
0,A,379,C,0.147
0,A,380,Y,0.236
0,A,381,G,0.292
0,A,382,V,0.211
0,A,383,S,0.321
0,A,384,P,0.238
0,A,385,T,0.357
0,A,386,K,0.268
0,A,387,L,0.015
0,A,388,N,0.084
0,A,389,D,0.133
0,A,390,L,0.141
0,A,391,C,0.010
0,A,392,F,0.023
0,A,393,T,0.051
0,A,394,N,0.082
0,A,395,V,0.002
0,A,396,Y,0.052
0,A,397,A,0.001
0,A,398,D,0.005
0,A,399,S,0.010
0,A,400,F,0.002
0,A,401,V,0.014
0,A,402,V,0.011
0,A,403,R,0.317
0,A,404,G,0.177
0,A,405,D,0.333
0,A,406,E,0.128
0,A,407,V,0.139
0,A,408,R,0.248
0,A,409,Q,0.095
0,A,410,I,0.011
0,A,411,A,0.103
0,A,412,P,0.152
0,A,413,G,0.196
0,A,414,Q,0.203
0,A,415,T,0.217
0,A,416,G,0.170
0,A,417,K,0.386
0,A,418,I,0.039
0,A,419,A,0.054
0,A,420,D,0.104
0,A,421,Y,0.086
0,A,422,N,0.018
0,A,423,Y,0.017
0,A,424,K,0.094
0,A,425,L,0.044
0,A,426,P,0.082
0,A,427,D,0.156
0,A,428,D,0.181
0,A,429,F,0.109
0,A,430,T,0.198
0,A,431,G,0.004
0,A,432,C,0.027
0,A,433,V,0.026
0,A,434,I,0.009
0,A,435,A,0.020
0,A,436,W,0.183
0,A,437,N,0.252
0,A,438,S,0.104
0,A,439,N,0.318
0,A,440,N,0.305
0,A,441,L,0.287
0,A,442,D,0.235
0,A,443,S,0.367
0,A,444,K,0.341
0,A,445,V,0.388
0,A,446,G,0.533
0,A,447,G,0.455
0,A,448,N,0.324
0,A,449,Y,0.596
0,A,450,N,0.312
0,A,451,Y,0.224
0,A,452,L,0.178
0,A,453,Y,0.205
0,A,454,R,0.027
0,A,455,L,0.196
0,A,456,F,0.311
0,A,457,R,0.133
0,A,458,K,0.228
0,A,459,S,0.092
0,A,460,N,0.101
0,A,461,L,0.051
0,A,462,K,0.107
0,A,463,P,0.113
0,A,464,F,0.053
0,A,465,E,0.047
0,A,466,R,0.081
0,A,467,D,0.045
0,A,468,I,0.100
0,A,469,S,0.120
0,A,470,T,0.106
0,A,471,E,0.158
0,A,472,I,0.185
0,A,473,Y,0.264
0,A,474,Q,0.231
0,A,475,A,0.282
0,A,476,G,0.293
0,A,477,S,0.340
0,A,478,T,0.329
0,A,479,P,0.245
0,A,480,C,0.120
0,A,481,N,0.225
0,A,482,G,0.118
0,A,483,V,0.238
0,A,484,E,0.335
0,A,485,G,0.273
0,A,486,F,0.363
0,A,487,N,0.334
0,A,488,C,0.111
0,A,489,Y,0.452
0,A,490,F,0.305
0,A,491,P,0.059
0,A,492,L,0.207
0,A,493,Q,0.482
0,A,494,S,0.445
0,A,495,Y,0.433
0,A,496,G,0.440
0,A,497,F,0.204
0,A,498,H,0.466
0,A,499,P,0.389
0,A,500,T,0.516
0,A,501,N,0.449
0,A,502,G,0.396
0,A,503,V,0.413
0,A,504,G,0.250
0,A,505,Y,0.544
0,A,506,Q,0.335
0,A,507,P,0.168
0,A,508,Y,0.202
0,A,509,R,0.162
0,A,510,V,0.005
0,A,511,V,0.002
0,A,512,V,0.003
0,A,513,L,0.002
0,A,514,S,0.028
0,A,515,F,0.035
0,A,516,E,0.163
0,A,517,L,0.217
0,A,518,L,0.084
0,A,519,N,0.155
0,A,520,A,0.131
0,A,521,P,0.078
0,A,522,A,0.037
0,A,523,T,0.080
0,A,524,V,0.003
0,A,525,C,0.005
0,A,526,G,0.044
0,A,527,P,0.052
0,A,528,K,0.061
0,A,529,K,0.066
0,A,530,S,0.033
0,A,531,T,0.032
0,A,532,N,0.032
0,A,533,L,0.025
0,A,534,I,0.027
0,A,535,K,0.054
0,A,536,N,0.095
0,A,537,K,0.065
0,A,538,C,0.011
0,A,539,V,0.010
0,A,540,N,0.012
0,A,541,F,0.005
0,A,542,N,0.023
0,A,543,F,0.001
0,A,544,N,0.015
0,A,545,G,0.089
0,A,546,L,0.023
0,A,547,T,0.049
0,A,548,G,0.016
0,A,549,T,0.029
0,A,550,G,0.007
0,A,551,V,0.042
0,A,552,L,0.007
0,A,553,T,0.128
0,A,554,E,0.150
0,A,555,S,0.130
0,A,556,N,0.178
0,A,557,K,0.131
0,A,558,K,0.235
0,A,559,F,0.112
0,A,560,L,0.184
0,A,561,P,0.193
0,A,562,F,0.209
0,A,563,Q,0.114
0,A,564,Q,0.044
0,A,565,F,0.076
0,A,566,G,0.089
0,A,567,R,0.139
0,A,568,D,0.144
0,A,569,I,0.185
0,A,570,A,0.164
0,A,571,D,0.131
0,A,572,T,0.073
0,A,573,T,0.042
0,A,574,D,0.091
0,A,575,A,0.035
0,A,576,V,0.004
0,A,577,R,0.050
0,A,578,D,0.012
0,A,579,P,0.019
0,A,580,Q,0.030
0,A,581,T,0.037
0,A,582,L,0.063
0,A,583,E,0.071
0,A,584,I,0.031
0,A,585,L,0.022
0,A,586,D,0.089
0,A,587,I,0.026
0,A,588,T,0.057
0,A,589,P,0.118
0,A,590,C,0.026
0,A,591,S,0.090
0,A,592,F,0.226
0,A,593,G,0.155
0,A,594,G,0.143
0,A,595,V,0.013
0,A,596,S,0.034
0,A,597,V,0.004
0,A,598,I,0.002
0,A,599,T,0.044
0,A,600,P,0.076
0,A,601,G,0.124
0,A,602,T,0.171
0,A,603,N,0.191
0,A,604,A,0.139
0,A,605,S,0.109
0,A,606,N,0.163
0,A,607,Q,0.073
0,A,608,V,0.023
0,A,609,A,0.001
0,A,610,V,0.005
0,A,611,L,0.023
0,A,612,Y,0.020
0,A,613,Q,0.265
0,A,614,D,0.207
0,A,615,V,0.113
0,A,616,N,0.134
0,A,617,C,0.053
0,A,618,T,0.107
0,A,619,E,0.072
0,A,620,V,0.015
0,A,621,P,0.055
0,A,622,V,0.062
0,A,623,A,0.037
0,A,624,I,0.045
0,A,625,H,0.087
0,A,626,A,0.071
0,A,627,N,0.130
0,A,628,Q,0.086
0,A,629,L,0.101
0,A,630,T,0.103
0,A,631,P,0.184
0,A,632,T,0.150
0,A,633,W,0.052
0,A,634,R,0.092
0,A,635,V,0.096
0,A,636,Y,0.027
0,A,637,S,0.037
0,A,638,T,0.092
0,A,639,G,0.065
0,A,640,S,0.092
0,A,641,N,0.127
0,A,642,V,0.095
0,A,643,F,0.078
0,A,644,Q,0.105
0,A,645,T,0.061
0,A,646,R,0.220
0,A,647,A,0.089
0,A,648,G,0.048
0,A,649,C,0.005
0,A,650,L,0.003
0,A,651,I,0.004
0,A,652,G,0.026
0,A,653,A,0.019
0,A,654,E,0.099
0,A,655,H,0.099
0,A,656,V,0.094
0,A,657,N,0.153
0,A,658,N,0.090
0,A,659,S,0.074
0,A,660,Y,0.057
0,A,661,E,0.066
0,A,662,C,0.049
0,A,663,D,0.041
0,A,664,I,0.020
0,A,665,P,0.043
0,A,666,I,0.012
0,A,667,G,0.045
0,A,668,A,0.085
0,A,669,G,0.044
0,A,670,I,0.072
0,A,671,C,0.020
0,A,672,A,0.001
0,A,673,S,0.019
0,A,674,Y,0.081
0,A,675,Q,0.084
0,A,676,T,0.097
0,A,677,Q,0.113
0,A,678,T,0.109
0,A,679,N,0.111
0,A,680,S,0.123
0,A,681,R,0.181
0,A,682,S,0.126
0,A,683,V,0.119
0,A,684,A,0.096
0,A,685,S,0.073
0,A,686,Q,0.100
0,A,687,S,0.050
0,A,688,I,0.009
0,A,689,I,0.022
0,A,690,A,0.007
0,A,691,Y,0.023
0,A,692,T,0.111
0,A,693,M,0.052
0,A,694,S,0.066
0,A,695,L,0.063
0,A,696,G,0.103
0,A,697,A,0.104
0,A,698,E,0.098
0,A,699,N,0.078
0,A,700,S,0.086
0,A,701,V,0.060
0,A,702,A,0.072
0,A,703,Y,0.091
0,A,704,S,0.091
0,A,705,N,0.117
0,A,706,N,0.075
0,A,707,S,0.055
0,A,708,I,0.032
0,A,709,A,0.030
0,A,710,I,0.011
0,A,711,P,0.006
0,A,712,T,0.027
0,A,713,N,0.056
0,A,714,F,0.019
0,A,715,T,0.080
0,A,716,I,0.025
0,A,717,S,0.033
0,A,718,V,0.027
0,A,719,T,0.047
0,A,720,T,0.043
0,A,721,E,0.013
0,A,722,I,0.014
0,A,723,L,0.010
0,A,724,P,0.038
0,A,725,V,0.020
0,A,726,S,0.017
0,A,727,M,0.011
0,A,728,T,0.005
0,A,729,K,0.044
0,A,730,T,0.015
0,A,731,S,0.116
0,A,732,V,0.046
0,A,733,D,0.113
0,A,734,C,0.011
0,A,735,T,0.084
0,A,736,M,0.110
0,A,737,Y,0.107
0,A,738,I,0.020
0,A,739,C,0.009
0,A,740,G,0.105
0,A,741,D,0.122
0,A,742,S,0.015
0,A,743,T,0.027
0,A,744,E,0.019
0,A,745,C,0.001
0,A,746,S,0.039
0,A,747,N,0.021
0,A,748,L,0.017
0,A,749,L,0.017
0,A,750,L,0.048
0,A,751,Q,0.022
0,A,752,Y,0.051
0,A,753,G,0.091
0,A,754,S,0.090
0,A,755,F,0.059
0,A,756,C,0.052
0,A,757,T,0.118
0,A,758,Q,0.087
0,A,759,L,0.040
0,A,760,N,0.088
0,A,761,R,0.140
0,A,762,A,0.056
0,A,763,L,0.033
0,A,764,T,0.173
0,A,765,G,0.105
0,A,766,I,0.042
0,A,767,A,0.084
0,A,768,V,0.196
0,A,769,E,0.115
0,A,770,Q,0.032
0,A,771,D,0.106
0,A,772,K,0.184
0,A,773,N,0.064
0,A,774,T,0.021
0,A,775,Q,0.128
0,A,776,E,0.076
0,A,777,V,0.010
0,A,778,F,0.012
0,A,779,A,0.089
0,A,780,Q,0.051
0,A,781,V,0.051
0,A,782,K,0.172
0,A,783,Q,0.074
0,A,784,I,0.068
0,A,785,Y,0.047
0,A,786,K,0.063
0,A,787,T,0.021
0,A,788,P,0.029
0,A,789,Q,0.060
0,A,790,I,0.055
0,A,791,K,0.045
0,A,792,D,0.060
0,A,793,F,0.030
0,A,794,G,0.064
0,A,795,G,0.064
0,A,796,F,0.035
0,A,797,N,0.145
0,A,798,F,0.005
0,A,799,S,0.099
0,A,800,Q,0.169
0,A,801,I,0.008
0,A,802,L,0.009
0,A,803,P,0.022
0,A,804,D,0.111
0,A,805,P,0.088
0,A,806,S,0.176
0,A,807,K,0.115
0,A,808,P,0.138
0,A,809,S,0.049
0,A,810,K,0.061
0,A,811,R,0.028
0,A,812,S,0.016
0,A,813,F,0.159
0,A,814,I,0.010
0,A,815,E,0.007
0,A,816,D,0.097
0,A,817,L,0.103
0,A,818,L,0.008
0,A,819,F,0.022
0,A,820,N,0.063
0,A,821,K,0.045
0,A,822,V,0.024
0,A,823,T,0.033
0,A,824,L,0.014
0,A,825,A,0.019
0,A,826,D,0.052
0,A,827,A,0.035
0,A,828,G,0.083
0,A,829,F,0.064
0,A,830,I,0.006
0,A,831,K,0.027
0,A,832,Q,0.063
0,A,833,Y,0.013
0,A,834,G,0.013
0,A,835,D,0.037
0,A,836,C,0.032
0,A,837,L,0.020
0,A,838,G,0.067
0,A,839,D,0.105
0,A,840,I,0.057
0,A,841,A,0.057
0,A,842,A,0.064
0,A,843,R,0.065
0,A,844,D,0.024
0,A,845,L,0.035
0,A,846,I,0.059
0,A,847,C,0.022
0,A,848,A,0.022
0,A,849,Q,0.052
0,A,850,K,0.099
0,A,851,F,0.117
0,A,852,N,0.139
0,A,853,G,0.067
0,A,854,L,0.040
0,A,855,T,0.080
0,A,856,V,0.006
0,A,857,L,0.048
0,A,858,P,0.031
0,A,859,P,0.047
0,A,860,L,0.159
0,A,861,L,0.050
0,A,862,T,0.046
0,A,863,D,0.028
0,A,864,E,0.069
0,A,865,M,0.071
0,A,866,I,0.008
0,A,867,A,0.008
0,A,868,Q,0.076
0,A,869,Y,0.037
0,A,870,T,0.003
0,A,871,S,0.011
0,A,872,A,0.019
0,A,873,L,0.025
0,A,874,L,0.003
0,A,875,A,0.014
0,A,876,G,0.025
0,A,877,T,0.015
0,A,878,I,0.006
0,A,879,T,0.028
0,A,880,S,0.023
0,A,881,G,0.034
0,A,882,W,0.082
0,A,883,T,0.053
0,A,884,F,0.046
0,A,885,G,0.112
0,A,886,A,0.149
0,A,887,G,0.109
0,A,888,A,0.075
0,A,889,A,0.052
0,A,890,L,0.114
0,A,891,Q,0.059
0,A,892,I,0.072
0,A,893,P,0.108
0,A,894,F,0.014
0,A,895,A,0.057
0,A,896,M,0.104
0,A,897,Q,0.042
0,A,898,M,0.010
0,A,899,A,0.060
0,A,900,Y,0.143
0,A,901,R,0.047
0,A,902,F,0.003
0,A,903,N,0.094
0,A,904,G,0.080
0,A,905,I,0.020
0,A,906,G,0.025
0,A,907,V,0.008
0,A,908,T,0.061
0,A,909,Q,0.071
0,A,910,N,0.076
0,A,911,V,0.020
0,A,912,L,0.021
0,A,913,Y,0.084
0,A,914,E,0.083
0,A,915,N,0.036
0,A,916,Q,0.065
0,A,917,K,0.144
0,A,918,L,0.077
0,A,919,I,0.017
0,A,920,A,0.040
0,A,921,N,0.137
0,A,922,Q,0.058
0,A,923,F,0.006
0,A,924,N,0.136
0,A,925,S,0.208
0,A,926,A,0.033
0,A,927,I,0.014
0,A,928,G,0.167
0,A,929,K,0.200
0,A,930,I,0.024
0,A,931,Q,0.145
0,A,932,D,0.187
0,A,933,S,0.041
0,A,934,L,0.021
0,A,935,S,0.134
0,A,936,S,0.140
0,A,937,T,0.074
0,A,938,A,0.049
0,A,939,S,0.081
0,A,940,A,0.042
0,A,941,L,0.021
0,A,942,G,0.033
0,A,943,K,0.057
0,A,944,L,0.008
0,A,945,Q,0.037
0,A,946,D,0.024
0,A,947,V,0.011
0,A,948,V,0.007
0,A,949,N,0.028
0,A,950,Q,0.023
0,A,951,N,0.004
0,A,952,A,0.010
0,A,953,Q,0.031
0,A,954,A,0.013
0,A,955,L,0.007
0,A,956,N,0.053
0,A,957,T,0.051
0,A,958,L,0.030
0,A,959,V,0.110
0,A,960,K,0.124
0,A,961,Q,0.094
0,A,962,L,0.113
0,A,963,S,0.119
0,A,964,S,0.110
0,A,965,N,0.084
0,A,966,F,0.067
0,A,967,G,0.085
0,A,968,A,0.045
0,A,969,I,0.047
0,A,970,S,0.039
0,A,971,S,0.055
0,A,972,V,0.045
0,A,973,L,0.009
0,A,974,N,0.028
0,A,975,D,0.037
0,A,976,I,0.013
0,A,977,L,0.017
0,A,978,S,0.042
0,A,979,R,0.050
0,A,980,L,0.044
0,A,981,D,0.050
0,A,982,K,0.019
0,A,983,V,0.023
0,A,984,E,0.052
0,A,985,A,0.021
0,A,986,E,0.018
0,A,987,V,0.033
0,A,988,Q,0.041
0,A,989,I,0.005
0,A,990,D,0.019
0,A,991,R,0.060
0,A,992,L,0.024
0,A,993,I,0.010
0,A,994,T,0.063
0,A,995,G,0.074
0,A,996,R,0.048
0,A,997,L,0.042
0,A,998,Q,0.093
0,A,999,S,0.065
0,A,1000,L,0.011
0,A,1001,Q,0.103
0,A,1002,T,0.070
0,A,1003,Y,0.010
0,A,1004,V,0.020
0,A,1005,T,0.096
0,A,1006,Q,0.042
0,A,1007,Q,0.011
0,A,1008,L,0.080
0,A,1009,I,0.095
0,A,1010,R,0.018
0,A,1011,A,0.033
0,A,1012,A,0.138
0,A,1013,E,0.076
0,A,1014,I,0.019
0,A,1015,R,0.213
0,A,1016,A,0.104
0,A,1017,S,0.014
0,A,1018,A,0.035
0,A,1019,N,0.153
0,A,1020,L,0.061
0,A,1021,A,0.004
0,A,1022,A,0.084
0,A,1023,T,0.115
0,A,1024,K,0.015
0,A,1025,M,0.020
0,A,1026,S,0.115
0,A,1027,E,0.077
0,A,1028,C,0.002
0,A,1029,V,0.022
0,A,1030,L,0.077
0,A,1031,G,0.117
0,A,1032,Q,0.076
0,A,1033,S,0.071
0,A,1034,K,0.101
0,A,1035,R,0.082
0,A,1036,V,0.079
0,A,1037,D,0.076
0,A,1038,F,0.056
0,A,1039,C,0.014
0,A,1040,G,0.024
0,A,1041,K,0.121
0,A,1042,G,0.031
0,A,1043,Y,0.037
0,A,1044,H,0.034
0,A,1045,L,0.002
0,A,1046,M,0.016
0,A,1047,S,0.001
0,A,1048,F,0.001
0,A,1049,P,0.002
0,A,1050,Q,0.003
0,A,1051,S,0.003
0,A,1052,A,0.005
0,A,1053,P,0.012
0,A,1054,H,0.009
0,A,1055,G,0.004
0,A,1056,V,0.006
0,A,1057,V,0.002
0,A,1058,F,0.001
0,A,1059,L,0.002
0,A,1060,H,0.006
0,A,1061,V,0.001
0,A,1062,T,0.020
0,A,1063,Y,0.004
0,A,1064,V,0.039
0,A,1065,P,0.015
0,A,1066,A,0.051
0,A,1067,Q,0.059
0,A,1068,E,0.038
0,A,1069,K,0.032
0,A,1070,N,0.050
0,A,1071,F,0.029
0,A,1072,T,0.059
0,A,1073,T,0.034
0,A,1074,A,0.020
0,A,1075,P,0.049
0,A,1076,A,0.006
0,A,1077,I,0.004
0,A,1078,C,0.026
0,A,1079,H,0.036
0,A,1080,D,0.059
0,A,1081,G,0.043
0,A,1082,K,0.075
0,A,1083,A,0.019
0,A,1084,H,0.018
0,A,1085,F,0.050
0,A,1086,P,0.020
0,A,1087,R,0.081
0,A,1088,E,0.044
0,A,1089,G,0.018
0,A,1090,V,0.017
0,A,1091,F,0.003
0,A,1092,V,0.010
0,A,1093,S,0.018
0,A,1094,N,0.035
0,A,1095,G,0.050
0,A,1096,T,0.043
0,A,1097,H,0.063
0,A,1098,W,0.034
0,A,1099,F,0.019
0,A,1100,V,0.008
0,A,1101,T,0.005
0,A,1102,Q,0.018
0,A,1103,R,0.017
0,A,1104,N,0.012
0,A,1105,F,0.007
0,A,1106,Y,0.018
0,A,1107,E,0.037
0,A,1108,P,0.021
0,A,1109,Q,0.056
0,A,1110,I,0.110
0,A,1111,I,0.010
0,A,1112,T,0.062
0,A,1113,T,0.061
0,A,1114,D,0.139
0,A,1115,N,0.040
0,A,1116,T,0.017
0,A,1117,F,0.075
0,A,1118,V,0.063
0,A,1119,S,0.127
0,A,1120,G,0.078
0,A,1121,N,0.077
0,A,1122,C,0.036
0,A,1123,D,0.076
0,A,1124,V,0.105
0,A,1125,V,0.078
0,A,1126,I,0.129
0,A,1127,G,0.075
0,A,1128,I,0.056
0,A,1129,V,0.069
0,A,1130,N,0.052
0,A,1131,N,0.030
0,A,1132,T,0.082
0,A,1133,V,0.042
0,A,1134,Y,0.066
0,A,1135,D,0.070
0,A,1136,P,0.102
0,A,1137,L,0.167
0,A,1138,Q,0.087
0,A,1139,P,0.068
0,A,1140,E,0.178
0,A,1141,L,0.148
0,A,1142,D,0.041
0,A,1143,S,0.054
0,A,1144,F,0.210
0,A,1145,K,0.125
0,A,1146,E,0.043
0,A,1147,E,0.144
0,A,1148,L,0.199
0,A,1149,D,0.070
0,A,1150,K,0.069
0,A,1151,Y,0.249
0,A,1152,F,0.181
0,A,1153,K,0.083
0,A,1154,N,0.096
0,A,1155,H,0.217
0,A,1156,T,0.200
0,A,1157,S,0.260
0,A,1158,P,0.258
0,A,1159,D,0.234
0,A,1160,V,0.276
0,A,1161,D,0.266
0,A,1162,L,0.223
0,A,1163,S,0.256
0,A,1164,D,0.242
0,A,1165,I,0.281
0,A,1166,S,0.245
0,A,1167,G,0.191
0,A,1168,I,0.236
0,A,1169,N,0.171
0,A,1170,A,0.224
0,A,1171,S,0.125
0,A,1172,V,0.076
0,A,1173,V,0.126
0,A,1174,N,0.050
0,A,1175,I,0.116
0,A,1176,Q,0.035
0,A,1177,K,0.033
0,A,1178,E,0.096
0,A,1179,I,0.072
0,A,1180,D,0.017
0,A,1181,R,0.051
0,A,1182,L,0.098
0,A,1183,N,0.040
0,A,1184,E,0.015
0,A,1185,V,0.063
0,A,1186,A,0.084
0,A,1187,K,0.015
0,A,1188,N,0.020
0,A,1189,L,0.096
0,A,1190,N,0.035
0,A,1191,E,0.013
0,A,1192,S,0.048
0,A,1193,L,0.070
0,A,1194,I,0.017
0,A,1195,D,0.017
0,A,1196,L,0.078
0,A,1197,Q,0.053
0,A,1198,E,0.025
0,A,1199,L,0.063
0,A,1200,G,0.099
0,A,1201,K,0.061
0,A,1202,Y,0.081
0,A,1203,E,0.059
0,A,1204,Q,0.070
0,A,1205,Y,0.035
0,A,1206,I,0.024
0,A,1207,K,0.021
0,A,1208,W,0.013
0,A,1209,P,0.016
0,A,1210,W,0.014
0,A,1211,Y,0.014
0,A,1212,I,0.010
0,A,1213,W,0.009
0,A,1214,L,0.010
0,A,1215,G,0.008
0,A,1216,F,0.006
0,A,1217,I,0.008
0,A,1218,A,0.008
0,A,1219,G,0.005
0,A,1220,L,0.004
0,A,1221,I,0.007
0,A,1222,A,0.007
0,A,1223,I,0.004
0,A,1224,V,0.006
0,A,1225,M,0.010
0,A,1226,V,0.006
0,A,1227,T,0.002
0,A,1228,I,0.007
0,A,1229,M,0.013
0,A,1230,L,0.006
0,A,1231,C,0.004
0,A,1232,C,0.010
0,A,1233,M,0.013
0,A,1234,T,0.007
0,A,1235,S,0.019
0,A,1236,C,0.010
0,A,1237,C,0.008
0,A,1238,S,0.012
0,A,1239,C,0.009
0,A,1240,L,0.008
0,A,1241,K,0.025
0,A,1242,G,0.015
0,A,1243,C,0.011
0,A,1244,C,0.015
0,A,1245,S,0.022
0,A,1246,C,0.018
0,A,1247,G,0.032
0,A,1248,S,0.039
0,A,1249,C,0.040
0,A,1250,C,0.045
0,A,1251,K,0.079
0,A,1252,F,0.113
0,A,1253,D,0.096
0,A,1254,E,0.143
0,A,1255,D,0.150
0,A,1256,D,0.174
0,A,1257,S,0.110
0,A,1258,E,0.083
0,A,1259,P,0.084
0,A,1260,V,0.041
0,A,1261,L,0.028
0,A,1262,K,0.022
0,A,1263,G,0.018
0,A,1264,V,0.014
0,A,1265,K,0.017
0,A,1266,L,0.027
0,A,1267,H,0.022
0,A,1268,Y,0.044
0,A,1269,T,0.043
